name,description, price,image,stock,rating,merchant_id
Racer Back Training Sports Bra,Carefully designed and tested to withstand and support you through any medium impact activity,35.00,https://i.imgur.com/hCQwfai.jpg,6,5,1
Adapt Ombre Seamless Long Sleeve Crop Top,Embrace your inner confidence and never let it fade in the Adapt Ombre Seamless Crop Top,45.99,https://i.imgur.com/faC483g.jpg,7,5,1
Energy+ Seamless Sport Bra,Fully adjustable straps and removable padding,40.00,https://i.imgur.com/MecQpln.jpg,10,4,2
Breeze Lightweight Seamless Vest,Weightless in fit and weightless in performance,30.00,https://i.imgur.com/Vx2gIlI.jpg,4,5,4
Ultra Seamless Sports Bra,With performance and vibrance equally at the fore of design,40.00,https://i.imgur.com/KLwmVjP.jpg,15,5,6
Camo Seamless Long Sleeve Crop Top,It’s everything for performance everything for aesthetics and everything you’ve been waiting for,45.00,https://i.imgur.com/hXM7xDP.jpg,3,5,6
Energy+ Seamless Cropped Leggings,The Energy+ Seamless Cropped Leggings are engineered to power your performance,50.00,https://i.imgur.com/FevpE3G.jpg,2,4,7
Legacy Fitness Shorts,The Legacy Fitness Shorts are made for leg day,45.00,https://i.imgur.com/eEje0lL.jpg,10,3,1
Avocado Crisps Sea Salt,Baked with real avocado,3.99,https://i.imgur.com/8cCRERP.jpg,12,4,3
Grain-Free Tortilla Chips,Each batch is fried in avocado oil and sprinkled with sea salt,4.99,https://i.imgur.com/TZaY4IW.jpg,7,5,2
Paleo Snack Mix,cashews and pecans,4.99,https://i.imgur.com/jEqLWsl.jpg,9,4,6
Paleo Snacks Variety Pack,It comes with six mini size packs (two of each flavor),9.99,https://i.imgur.com/0kOyi8B.jpg,10,5,7
Organic Macadamia Nuts Pink Himalayan Salt,fresh and crisp organic macadamia nuts buttery taste is paired with just two simple ingredients pink Himalayan salt & organic avocado oil,8.99,https://i.imgur.com/bGYoAlI.jpg,12,4,3
Sweet Fish,Enjoy a bag of SmartSweets plant-based candy,2.99,https://i.imgur.com/ubkgMtq.jpg,20,5,1
Strawberry Banana Chips,The sweet taste of your morning smoothie now comes in a crunchy chip,3.99,https://i.imgur.com/PQIz9Hd.jpg,10,5,2
Maple Pecans Glazed Mix,Sahale Maple Pecans Glazed Mix is your own pie shop special,4.99,https://i.imgur.com/yJdpRQy.jpg,12,3,5
Pomegranate Pistachios Glazed Mix,There’s a caravan of rich flavors in every handful of Sahale Pomegranate Pistachios Glazed Mix,4.99,https://i.imgur.com/3O5qqBj.jpg,7,3,2
Total Body Balance Ball,add resistance training to your workout,35.99,https://i.imgur.com/L0e8F1l.jpg,16,5,8
Yoga Essentials Block,sturdy foam block offers height and support where you need it most,20.99,https://i.imgur.com/PP164h7.jpg,2,5,7
Neoprene Hand Weights,Ideal for toning and strength training exercises,10.99,https://i.imgur.com/YlyBf3y.jpg,5,5,4
Premium Yoga Mats (6MM),Manufactured free of latex and the top six most harmful phthalates and all come with Gaiam's lifetime guarantee,29.98,https://i.imgur.com/3bnVGHD.jpg,16,5,7
Premium Foam Roller,For deep-tissue massaging,30.00,https://i.imgur.com/MKHN7sl.jpg,19,4,8
Everyday Holdall,Complete with super comfy padded carry handles and shoulder strap,45.99,https://i.imgur.com/VoaEthh.jpg,6,5,8
Lifting Gloves,whilst perforated detailing and mesh inserts to the outer three fingers enhance breathability,21.99,https://i.imgur.com/7Lfi2yI.jpg,11,4,8
Skipping Rope,Skipping Rope is guaranteed to get blood pumping and sweat dripping,15.00,https://i.imgur.com/86HUeut.jpg,14,4,8
4lb to 25lb Resistance Band,If you’re well on your way to your first full pull ups but still need a little hand up,12.99,https://i.imgur.com/hepeUOX.jpg,6,5,2
New Era GS Headband,Keep your hair on point and your focus on progress in the New Era GS Headband,15.00,https://i.imgur.com/ZCYAaq8.jpg,3,4,2
Wrist Straps,The Gymshark Wrist Straps are the extra support that we all need from time-to-time,9.99,https://i.imgur.com/fgtWDTG.jpg,10,4,1
Cool Holdall,The Everyday Holdall is specifically designed for your everyday items,20.99,https://i.imgur.com/ar22MFC.jpg,6,5,4
Lifting Gloves II,s slimline design features an elasticated crossover band for optimal comfort whilst perforated detailing and mesh inserts to the outer three fingers enhance breathability,10.98,https://i.imgur.com/MmN810i.jpg,4,4,4
Light Resistance Tubes,Add them into your weight training or mobility work or create a full home workout with just this tube,16.78,https://i.imgur.com/KXGyQLq.jpg,10,5,2
Light Glute Band,The Light Glute Band offers a low resistance without all the equipment,17.99,https://i.imgur.com/QYrT0PZ.jpg,10,4,2